{
  "name": "User Registration",
  "iterations": 20,
  "totalTime": 43.14620000000002,
  "avgTime": 0.4919399999999882,
  "minTime": 0.16919999999993252,
  "maxTime": 1.860400000000027,
  "p50": 0.3502000000000862,
  "p90": 1.2519999999999527,
  "p99": 1.860400000000027,
  "stdDev": 0.4239914921316261,
  "opsPerSecond": 2032.7682237671747,
  "times": [
    1.0711000000000013,
    1.2519999999999527,
    0.3502000000000862,
    0.39209999999991396,
    0.6630000000000109,
    0.25099999999997635,
    0.33619999999996253,
    0.27499999999997726,
    0.6675999999999931,
    1.860400000000027,
    0.4298999999999751,
    0.2617999999999938,
    0.2320999999999458,
    0.46259999999995216,
    0.363399999999956,
    0.24959999999998672,
    0.2053000000000793,
    0.1752999999999929,
    0.1710000000000491,
    0.16919999999993252
  ],
  "timestamp": "2025-07-24T00:14:13.921Z",
  "system": {
    "platform": "win32",
    "arch": "x64",
    "nodeVersion": "v20.19.2",
    "cpus": 4,
    "totalMemory": 4105945088,
    "freeMemory": 269262848
  }
}