{
  "name": "User Login",
  "iterations": 100,
  "totalTime": 4104.063499999999,
  "avgTime": 1.074719999999984,
  "minTime": 0.3424999999999727,
  "maxTime": 13.363500000000386,
  "p50": 0.5087000000003172,
  "p90": 2.0454999999999472,
  "p99": 13.363500000000386,
  "stdDev": 1.7550348528733166,
  "opsPerSecond": 930.4749143963218,
  "times": [
    0.5698999999999614,
    1.1960999999998876,
    0.8253999999999451,
    1.299600000000055,
    0.6638000000000375,
    2.037499999999909,
    1.1102000000000771,
    0.5884000000000924,
    0.6976000000001932,
    1.001700000000028,
    0.8240999999998166,
    0.5967000000000553,
    0.5360000000000582,
    0.47670000000016444,
    0.5493000000001302,
    0.4963999999999942,
    0.5385999999998603,
    1.2543000000000575,
    0.59050000000002,
    0.5171000000000276,
    1.0869000000000142,
    4.526399999999967,
    0.4592999999999847,
    0.4031999999999698,
    0.475800000000163,
    0.4501000000000204,
    2.652599999999893,
    0.39640000000008513,
    0.360300000000052,
    0.3770999999999276,
    0.4438999999999851,
    2.0454999999999472,
    0.5141000000000986,
    0.4854000000000269,
    0.6929000000000087,
    0.39030000000002474,
    0.3609999999998763,
    0.3424999999999727,
    1.1897999999998774,
    0.3774999999998272,
    2.498100000000022,
    0.47929999999996653,
    0.45059999999989486,
    8.707699999999932,
    0.4527000000002772,
    0.4753000000000611,
    1.0632999999997992,
    0.47460000000000946,
    1.30179999999973,
    0.47299999999995634,
    0.5704000000000633,
    0.4742999999998574,
    0.778400000000147,
    0.4533000000001266,
    0.5354000000006636,
    0.6495999999997366,
    0.46640000000024884,
    1.8514000000004671,
    6.616299999999683,
    0.47080000000005384,
    0.4719999999997526,
    0.6754000000000815,
    3.959000000000742,
    0.5039999999999054,
    0.5126000000000204,
    0.4466999999995096,
    0.5587999999997919,
    0.488999999999578,
    4.228299999999763,
    0.474699999999757,
    0.4551000000001295,
    0.6934000000001106,
    0.5776000000005297,
    0.7672000000002299,
    0.6965000000000146,
    0.4353999999993903,
    1.983499999999367,
    0.46630000000004657,
    0.4537000000000262,
    0.4153999999998632,
    0.38689999999951397,
    0.379399999999805,
    0.5120999999999185,
    0.3845000000001164,
    0.41409999999996217,
    0.4568999999992229,
    0.6743999999998778,
    0.4414999999999054,
    0.39649999999983265,
    0.3791000000001077,
    3.0078999999996086,
    0.4702000000006592,
    0.45169999999961874,
    0.45420000000012806,
    0.46190000000024156,
    13.363500000000386,
    0.46789999999964493,
    0.4540999999999258,
    0.5087000000003172,
    0.49830000000019936
  ],
  "timestamp": "2025-07-24T00:14:18.329Z",
  "system": {
    "platform": "win32",
    "arch": "x64",
    "nodeVersion": "v20.19.2",
    "cpus": 4,
    "totalMemory": 4105945088,
    "freeMemory": 271474688
  }
}