{
  "name": "User Login",
  "iterations": 100,
  "totalTime": 306.7513,
  "avgTime": 0.9577159999999992,
  "minTime": 0.3226000000000795,
  "maxTime": 11.16229999999996,
  "p50": 0.44479999999998654,
  "p90": 1.1420000000000528,
  "p99": 11.16229999999996,
  "stdDev": 1.8037090892779764,
  "opsPerSecond": 1044.1508756249252,
  "times": [
    1.2057000000000926,
    0.6895000000000664,
    1.1420000000000528,
    0.8840999999999894,
    1.0620000000000118,
    0.9691000000000258,
    0.734299999999962,
    8.58140000000003,
    0.8106000000000222,
    0.9665999999999713,
    0.7313000000000329,
    0.5407000000000153,
    0.8577000000000226,
    0.616800000000012,
    0.6709999999999354,
    0.6860000000000355,
    0.5479999999998881,
    0.8383999999999787,
    0.6386999999999716,
    0.5113000000000056,
    2.4646999999999935,
    0.517099999999914,
    11.16229999999996,
    0.44479999999998654,
    0.5928000000000111,
    0.4172999999999547,
    0.46280000000001564,
    0.3383000000000038,
    0.3526999999999134,
    0.3352999999999611,
    0.35389999999995325,
    0.6557000000000244,
    0.6256000000000768,
    0.4493999999999687,
    0.47479999999995925,
    0.43450000000007094,
    0.48069999999995616,
    0.45230000000003656,
    1.330699999999979,
    0.4411999999999807,
    9.502399999999966,
    0.4878999999999678,
    0.4492999999999938,
    0.42210000000000036,
    0.350400000000036,
    0.3675999999999249,
    0.36770000000001346,
    2.7449000000000296,
    0.5656000000000176,
    0.405399999999986,
    0.39249999999992724,
    0.38580000000001746,
    0.38179999999999836,
    0.3585000000000491,
    0.4613000000000511,
    0.44230000000004566,
    0.3854000000000042,
    0.5928000000000111,
    6.571299999999951,
    0.4375999999999749,
    0.3892999999999347,
    0.3343999999999596,
    0.3226000000000795,
    0.3448000000000775,
    1.130899999999997,
    0.4470999999999776,
    0.38399999999990087,
    0.3854999999999791,
    0.4097000000000435,
    0.41049999999995634,
    0.3645000000000209,
    0.36599999999998545,
    0.3663999999999987,
    0.3730000000000473,
    0.7840000000001055,
    0.5797999999999774,
    0.43030000000010205,
    0.4076000000000022,
    0.5926999999999225,
    6.507799999999975,
    0.4150000000000773,
    0.37370000000009895,
    0.4693000000000893,
    0.3745000000000118,
    0.4005000000000791,
    0.399599999999964,
    0.4089999999999918,
    0.3848000000000411,
    0.34979999999995925,
    0.42470000000002983,
    0.4855000000000018,
    0.41689999999994143,
    0.3691000000000031,
    0.34609999999997854,
    0.33769999999992706,
    0.3673000000000002,
    0.453899999999976,
    0.40380000000004657,
    0.3729999999999336,
    0.34179999999992106
  ],
  "timestamp": "2025-07-24T00:44:51.373Z",
  "system": {
    "platform": "win32",
    "arch": "x64",
    "nodeVersion": "v20.19.2",
    "cpus": 4,
    "totalMemory": 4105945088,
    "freeMemory": 507142144
  }
}