{
  "name": "User Registration",
  "iterations": 20,
  "totalTime": 81.53609999999998,
  "avgTime": 0.40949999999999703,
  "minTime": 0.22039999999998372,
  "maxTime": 0.8984999999999559,
  "p50": 0.3482999999999947,
  "p90": 0.6147000000000276,
  "p99": 0.8984999999999559,
  "stdDev": 0.15482897338676513,
  "opsPerSecond": 2442.0024420024597,
  "times": [
    0.338799999999992,
    0.3276000000000181,
    0.497099999999989,
    0.44420000000002346,
    0.2670999999999708,
    0.6147000000000276,
    0.3166999999999689,
    0.3994000000000142,
    0.8984999999999559,
    0.5822000000000003,
    0.432899999999961,
    0.3228000000000293,
    0.282100000000014,
    0.22039999999998372,
    0.5780000000000314,
    0.3482999999999947,
    0.3575999999999908,
    0.31459999999998445,
    0.3154999999999859,
    0.33150000000000546
  ],
  "timestamp": "2025-07-24T00:44:50.796Z",
  "system": {
    "platform": "win32",
    "arch": "x64",
    "nodeVersion": "v20.19.2",
    "cpus": 4,
    "totalMemory": 4105945088,
    "freeMemory": 521834496
  }
}